id_producto;producto;subcategoria;categoria
210;HL Road Frame - Black, 58;Road Frames;Components
215;Sport-100 Helmet, Black;Helmets;Accessories
216;Sport-100 Helmet, Black;Helmets;Accessories
217;Sport-100 Helmet, Black;Helmets;Accessories
253;LL Road Frame - Black, 58;Road Frames;Components
254;LL Road Frame - Black, 58;Road Frames;Components
255;LL Road Frame - Black, 58;Road Frames;Components
256;LL Road Frame - Black, 60;Road Frames;Components
257;LL Road Frame - Black, 60;Road Frames;Components
258;LL Road Frame - Black, 60;Road Frames;Components
259;LL Road Frame - Black, 62;Road Frames;Components
260;LL Road Frame - Black, 62;Road Frames;Components
261;LL Road Frame - Black, 62;Road Frames;Components
279;LL Road Frame - Black, 44;Road Frames;Components
280;LL Road Frame - Black, 44;Road Frames;Components
281;LL Road Frame - Black, 44;Road Frames;Components
282;LL Road Frame - Black, 48;Road Frames;Components
283;LL Road Frame - Black, 48;Road Frames;Components
284;LL Road Frame - Black, 48;Road Frames;Components
285;LL Road Frame - Black, 52;Road Frames;Components
286;LL Road Frame - Black, 52;Road Frames;Components
287;LL Road Frame - Black, 52;Road Frames;Components
296;HL Mountain Frame - Black, 42;Mountain Frames;Components
297;HL Mountain Frame - Black, 42;Mountain Frames;Components
298;HL Mountain Frame - Black, 42;Mountain Frames;Components
299;HL Mountain Frame - Black, 44;Mountain Frames;Components
300;HL Mountain Frame - Black, 48;Mountain Frames;Components
301;HL Mountain Frame - Black, 46;Mountain Frames;Components
302;HL Mountain Frame - Black, 46;Mountain Frames;Components
303;HL Mountain Frame - Black, 46;Mountain Frames;Components
304;HL Mountain Frame - Black, 38;Mountain Frames;Components
305;HL Mountain Frame - Black, 38;Mountain Frames;Components
306;HL Mountain Frame - Black, 38;Mountain Frames;Components
332;Road-650 Black, 58;Road Bikes;Bikes
333;Road-650 Black, 58;Road Bikes;Bikes
334;Road-650 Black, 60;Road Bikes;Bikes
335;Road-650 Black, 60;Road Bikes;Bikes
336;Road-650 Black, 62;Road Bikes;Bikes
337;Road-650 Black, 62;Road Bikes;Bikes
338;Road-650 Black, 44;Road Bikes;Bikes
339;Road-650 Black, 44;Road Bikes;Bikes
340;Road-650 Black, 48;Road Bikes;Bikes
341;Road-650 Black, 48;Road Bikes;Bikes
342;Road-650 Black, 52;Road Bikes;Bikes
343;Road-650 Black, 52;Road Bikes;Bikes
348;Mountain-100 Black, 38;Mountain Bikes;Bikes
349;Mountain-100 Black, 42;Mountain Bikes;Bikes
350;Mountain-100 Black, 44;Mountain Bikes;Bikes
351;Mountain-100 Black, 48;Mountain Bikes;Bikes
358;Mountain-200 Black, 38;Mountain Bikes;Bikes
359;Mountain-200 Black, 38;Mountain Bikes;Bikes
360;Mountain-200 Black, 42;Mountain Bikes;Bikes
361;Mountain-200 Black, 42;Mountain Bikes;Bikes
362;Mountain-200 Black, 46;Mountain Bikes;Bikes
363;Mountain-200 Black, 46;Mountain Bikes;Bikes
364;Mountain-300 Black, 38;Mountain Bikes;Bikes
365;Mountain-300 Black, 40;Mountain Bikes;Bikes
366;Mountain-300 Black, 44;Mountain Bikes;Bikes
367;Mountain-300 Black, 48;Mountain Bikes;Bikes
373;Road-250 Black, 44;Road Bikes;Bikes
374;Road-250 Black, 44;Road Bikes;Bikes
375;Road-250 Black, 48;Road Bikes;Bikes
376;Road-250 Black, 48;Road Bikes;Bikes
377;Road-250 Black, 52;Road Bikes;Bikes
378;Road-250 Black, 52;Road Bikes;Bikes
379;Road-250 Black, 58;Road Bikes;Bikes
380;Road-250 Black, 58;Road Bikes;Bikes
409;ML Mountain Frame - Black, 38;Mountain Frames;Components
410;LL Mountain Front Wheel;Wheels;Components
411;ML Mountain Front Wheel;Wheels;Components
412;HL Mountain Front Wheel;Wheels;Components
413;LL Road Front Wheel;Wheels;Components
414;ML Road Front Wheel;Wheels;Components
415;HL Road Front Wheel;Wheels;Components
416;Touring Front Wheel;Wheels;Components
419;LL Mountain Rear Wheel;Wheels;Components
420;ML Mountain Rear Wheel;Wheels;Components
421;HL Mountain Rear Wheel;Wheels;Components
422;LL Road Rear Wheel;Wheels;Components
423;ML Road Rear Wheel;Wheels;Components
424;HL Road Rear Wheel;Wheels;Components
425;Touring Rear Wheel;Wheels;Components
426;ML Mountain Frame - Black, 40;Mountain Frames;Components
427;ML Mountain Frame - Black, 44;Mountain Frames;Components
428;ML Mountain Frame - Black, 48;Mountain Frames;Components
437;HL Road Frame - Black, 62;Road Frames;Components
438;HL Road Frame - Black, 62;Road Frames;Components
439;HL Road Frame - Black, 44;Road Frames;Components
440;HL Road Frame - Black, 44;Road Frames;Components
441;HL Road Frame - Black, 48;Road Frames;Components
442;HL Road Frame - Black, 48;Road Frames;Components
443;HL Road Frame - Black, 52;Road Frames;Components
444;HL Road Frame - Black, 52;Road Frames;Components
445;Men's Sports Shorts, S;Shorts;Clothing
453;Men's Sports Shorts, M;Shorts;Clothing
454;Men's Sports Shorts, L;Shorts;Clothing
455;Men's Sports Shorts, XL;Shorts;Clothing
456;Women's Tights, S;Tights;Clothing
457;Women's Tights, M;Tights;Clothing
458;Women's Tights, L;Tights;Clothing
462;Half-Finger Gloves, S;Gloves;Clothing
463;Half-Finger Gloves, S;Gloves;Clothing
464;Half-Finger Gloves, M;Gloves;Clothing
465;Half-Finger Gloves, M;Gloves;Clothing
466;Half-Finger Gloves, L;Gloves;Clothing
467;Half-Finger Gloves, L;Gloves;Clothing
468;Full-Finger Gloves, S;Gloves;Clothing
469;Full-Finger Gloves, M;Gloves;Clothing
470;Full-Finger Gloves, L;Gloves;Clothing
474;Women's Mountain Shorts, S;Shorts;Clothing
475;Women's Mountain Shorts, M;Shorts;Clothing
476;Women's Mountain Shorts, L;Shorts;Clothing
531;LL Mountain Frame - Black, 42;Mountain Frames;Components
532;LL Mountain Frame - Black, 44;Mountain Frames;Components
533;LL Mountain Frame - Black, 48;Mountain Frames;Components
534;LL Mountain Frame - Black, 52;Mountain Frames;Components
550;LL Mountain Frame - Black, 40;Mountain Frames;Components
556;LL Crankset;Cranksets;Components
557;ML Crankset;Cranksets;Components
558;HL Crankset;Cranksets;Components
584;Road-750 Black, 58;Road Bikes;Bikes
596;Mountain-500 Black, 40;Mountain Bikes;Bikes
597;Mountain-500 Black, 42;Mountain Bikes;Bikes
598;Mountain-500 Black, 44;Mountain Bikes;Bikes
599;Mountain-500 Black, 48;Mountain Bikes;Bikes
600;Mountain-500 Black, 52;Mountain Bikes;Bikes
604;Road-750 Black, 44;Road Bikes;Bikes
605;Road-750 Black, 48;Road Bikes;Bikes
606;Road-750 Black, 52;Road Bikes;Bikes
211;HL Road Frame - Red, 58;Road Frames;Components
212;Sport-100 Helmet, Red;Helmets;Accessories
213;Sport-100 Helmet, Red;Helmets;Accessories
214;Sport-100 Helmet, Red;Helmets;Accessories
220;Sport-100 Helmet, Blue;Helmets;Accessories
218;Mountain Bike Socks, M;Socks;Clothing
219;Mountain Bike Socks, L;Socks;Clothing
221;Sport-100 Helmet, Blue;Helmets;Accessories
222;Sport-100 Helmet, Blue;Helmets;Accessories
223;AWC Logo Cap;Caps;Clothing
224;AWC Logo Cap;Caps;Clothing
225;AWC Logo Cap;Caps;Clothing
226;Long-Sleeve Logo Jersey, S;Jerseys;Clothing
227;Long-Sleeve Logo Jersey, S;Jerseys;Clothing
228;Long-Sleeve Logo Jersey, S;Jerseys;Clothing
229;Long-Sleeve Logo Jersey, M;Jerseys;Clothing
230;Long-Sleeve Logo Jersey, M;Jerseys;Clothing
231;Long-Sleeve Logo Jersey, M;Jerseys;Clothing
232;Long-Sleeve Logo Jersey, L;Jerseys;Clothing
233;Long-Sleeve Logo Jersey, L;Jerseys;Clothing
234;Long-Sleeve Logo Jersey, L;Jerseys;Clothing
235;Long-Sleeve Logo Jersey, XL;Jerseys;Clothing
236;Long-Sleeve Logo Jersey, XL;Jerseys;Clothing
237;Long-Sleeve Logo Jersey, XL;Jerseys;Clothing
238;HL Road Frame - Red, 62;Road Frames;Components
239;HL Road Frame - Red, 62;Road Frames;Components
240;HL Road Frame - Red, 62;Road Frames;Components
241;HL Road Frame - Red, 44;Road Frames;Components
242;HL Road Frame - Red, 44;Road Frames;Components
243;HL Road Frame - Red, 44;Road Frames;Components
244;HL Road Frame - Red, 48;Road Frames;Components
245;HL Road Frame - Red, 48;Road Frames;Components
246;HL Road Frame - Red, 48;Road Frames;Components
247;HL Road Frame - Red, 52;Road Frames;Components
248;HL Road Frame - Red, 52;Road Frames;Components
249;HL Road Frame - Red, 52;Road Frames;Components
250;HL Road Frame - Red, 56;Road Frames;Components
251;HL Road Frame - Red, 56;Road Frames;Components
252;HL Road Frame - Red, 56;Road Frames;Components
262;LL Road Frame - Red, 44;Road Frames;Components
263;LL Road Frame - Red, 44;Road Frames;Components
264;LL Road Frame - Red, 48;Road Frames;Components
265;LL Road Frame - Red, 48;Road Frames;Components
266;LL Road Frame - Red, 52;Road Frames;Components
267;LL Road Frame - Red, 52;Road Frames;Components
268;LL Road Frame - Red, 58;Road Frames;Components
269;LL Road Frame - Red, 58;Road Frames;Components
270;LL Road Frame - Red, 60;Road Frames;Components
271;LL Road Frame - Red, 60;Road Frames;Components
272;LL Road Frame - Red, 62;Road Frames;Components
273;LL Road Frame - Red, 62;Road Frames;Components
274;ML Road Frame - Red, 44;Road Frames;Components
275;ML Road Frame - Red, 48;Road Frames;Components
276;ML Road Frame - Red, 52;Road Frames;Components
277;ML Road Frame - Red, 58;Road Frames;Components
278;ML Road Frame - Red, 60;Road Frames;Components
288;HL Mountain Frame - Silver, 42;Mountain Frames;Components
289;HL Mountain Frame - Silver, 42;Mountain Frames;Components
290;HL Mountain Frame - Silver, 42;Mountain Frames;Components
291;HL Mountain Frame - Silver, 44;Mountain Frames;Components
292;HL Mountain Frame - Silver, 48;Mountain Frames;Components
293;HL Mountain Frame - Silver, 46;Mountain Frames;Components
294;HL Mountain Frame - Silver, 46;Mountain Frames;Components
295;HL Mountain Frame - Silver, 46;Mountain Frames;Components
307;HL Mountain Frame - Silver, 38;Mountain Frames;Components
308;HL Mountain Frame - Silver, 38;Mountain Frames;Components
309;HL Mountain Frame - Silver, 38;Mountain Frames;Components
310;Road-150 Red, 62;Road Bikes;Bikes
311;Road-150 Red, 44;Road Bikes;Bikes
312;Road-150 Red, 48;Road Bikes;Bikes
313;Road-150 Red, 52;Road Bikes;Bikes
314;Road-150 Red, 56;Road Bikes;Bikes
315;Road-450 Red, 58;Road Bikes;Bikes
316;Road-450 Red, 60;Road Bikes;Bikes
317;Road-450 Red, 44;Road Bikes;Bikes
318;Road-450 Red, 48;Road Bikes;Bikes
319;Road-450 Red, 52;Road Bikes;Bikes
320;Road-650 Red, 58;Road Bikes;Bikes
321;Road-650 Red, 58;Road Bikes;Bikes
322;Road-650 Red, 60;Road Bikes;Bikes
323;Road-650 Red, 60;Road Bikes;Bikes
324;Road-650 Red, 62;Road Bikes;Bikes
325;Road-650 Red, 62;Road Bikes;Bikes
326;Road-650 Red, 44;Road Bikes;Bikes
327;Road-650 Red, 44;Road Bikes;Bikes
328;Road-650 Red, 48;Road Bikes;Bikes
329;Road-650 Red, 48;Road Bikes;Bikes
330;Road-650 Red, 52;Road Bikes;Bikes
331;Road-650 Red, 52;Road Bikes;Bikes
344;Mountain-100 Silver, 38;Mountain Bikes;Bikes
345;Mountain-100 Silver, 42;Mountain Bikes;Bikes
346;Mountain-100 Silver, 44;Mountain Bikes;Bikes
347;Mountain-100 Silver, 48;Mountain Bikes;Bikes
352;Mountain-200 Silver, 38;Mountain Bikes;Bikes
353;Mountain-200 Silver, 38;Mountain Bikes;Bikes
354;Mountain-200 Silver, 42;Mountain Bikes;Bikes
355;Mountain-200 Silver, 42;Mountain Bikes;Bikes
356;Mountain-200 Silver, 46;Mountain Bikes;Bikes
357;Mountain-200 Silver, 46;Mountain Bikes;Bikes
368;Road-250 Red, 44;Road Bikes;Bikes
369;Road-250 Red, 48;Road Bikes;Bikes
370;Road-250 Red, 52;Road Bikes;Bikes
371;Road-250 Red, 58;Road Bikes;Bikes
372;Road-250 Red, 58;Road Bikes;Bikes
381;Road-550-W Yellow, 38;Road Bikes;Bikes
382;Road-550-W Yellow, 38;Road Bikes;Bikes
383;Road-550-W Yellow, 40;Road Bikes;Bikes
384;Road-550-W Yellow, 40;Road Bikes;Bikes
385;Road-550-W Yellow, 42;Road Bikes;Bikes
386;Road-550-W Yellow, 42;Road Bikes;Bikes
387;Road-550-W Yellow, 44;Road Bikes;Bikes
388;Road-550-W Yellow, 44;Road Bikes;Bikes
389;Road-550-W Yellow, 48;Road Bikes;Bikes
390;Road-550-W Yellow, 48;Road Bikes;Bikes
391;LL Fork;Forks;Components
392;ML Fork;Forks;Components
393;HL Fork;Forks;Components
394;LL Headset;Headsets;Components
395;ML Headset;Headsets;Components
396;HL Headset;Headsets;Components
397;LL Mountain Handlebars;Handlebars;Components
398;LL Mountain Handlebars;Handlebars;Components
399;ML Mountain Handlebars;Handlebars;Components
400;ML Mountain Handlebars;Handlebars;Components
401;HL Mountain Handlebars;Handlebars;Components
402;HL Mountain Handlebars;Handlebars;Components
403;LL Road Handlebars;Handlebars;Components
404;LL Road Handlebars;Handlebars;Components
405;ML Road Handlebars;Handlebars;Components
406;ML Road Handlebars;Handlebars;Components
407;HL Road Handlebars;Handlebars;Components
408;HL Road Handlebars;Handlebars;Components
417;ML Road Frame-W - Yellow, 38;Road Frames;Components
418;ML Road Frame-W - Yellow, 38;Road Frames;Components
429;ML Road Frame-W - Yellow, 40;Road Frames;Components
430;ML Road Frame-W - Yellow, 40;Road Frames;Components
431;ML Road Frame-W - Yellow, 42;Road Frames;Components
432;ML Road Frame-W - Yellow, 42;Road Frames;Components
433;ML Road Frame-W - Yellow, 44;Road Frames;Components
434;ML Road Frame-W - Yellow, 44;Road Frames;Components
435;ML Road Frame-W - Yellow, 48;Road Frames;Components
436;ML Road Frame-W - Yellow, 48;Road Frames;Components
446;Touring-Panniers, Large;Panniers;Accessories
447;Cable Lock;Locks;Accessories
448;Minipump;Pumps;Accessories
449;Mountain Pump;Pumps;Accessories
450;Taillights - Battery-Powered;Lights;Accessories
451;Headlights - Dual-Beam;Lights;Accessories
452;Headlights - Weatherproof;Lights;Accessories
459;Men's Bib-Shorts, S;Bib-Shorts;Clothing
460;Men's Bib-Shorts, M;Bib-Shorts;Clothing
461;Men's Bib-Shorts, L;Bib-Shorts;Clothing
471;Classic Vest, S;Vests;Clothing
472;Classic Vest, M;Vests;Clothing
473;Classic Vest, L;Vests;Clothing
477;Water Bottle - 30 oz.;Bottles and Cages;Accessories
478;Mountain Bottle Cage;Bottles and Cages;Accessories
479;Road Bottle Cage;Bottles and Cages;Accessories
480;Patch Kit/8 Patches;Tires and Tubes;Accessories
481;Racing Socks, M;Socks;Clothing
482;Racing Socks, L;Socks;Clothing
483;Hitch Rack - 4-Bike;Bike Racks;Accessories
484;Bike Wash - Dissolver;Cleaners;Accessories
485;Fender Set - Mountain;Fenders;Accessories
486;All-Purpose Bike Stand;Bike Stands;Accessories
487;Hydration Pack - 70 oz.;Hydration Packs;Accessories
488;Short-Sleeve Classic Jersey, S;Jerseys;Clothing
489;Short-Sleeve Classic Jersey, M;Jerseys;Clothing
490;Short-Sleeve Classic Jersey, L;Jerseys;Clothing
491;Short-Sleeve Classic Jersey, XL;Jerseys;Clothing
492;HL Touring Frame - Yellow, 60;Touring Frames;Components
493;LL Touring Frame - Yellow, 62;Touring Frames;Components
494;HL Touring Frame - Yellow, 46;Touring Frames;Components
495;HL Touring Frame - Yellow, 50;Touring Frames;Components
496;HL Touring Frame - Yellow, 54;Touring Frames;Components
497;HL Touring Frame - Blue, 46;Touring Frames;Components
498;HL Touring Frame - Blue, 50;Touring Frames;Components
499;HL Touring Frame - Blue, 54;Touring Frames;Components
500;HL Touring Frame - Blue, 60;Touring Frames;Components
501;Rear Derailleur;Derailleurs;Components
502;LL Touring Frame - Blue, 50;Touring Frames;Components
503;LL Touring Frame - Blue, 54;Touring Frames;Components
504;LL Touring Frame - Blue, 58;Touring Frames;Components
505;LL Touring Frame - Blue, 62;Touring Frames;Components
506;LL Touring Frame - Yellow, 44;Touring Frames;Components
507;LL Touring Frame - Yellow, 50;Touring Frames;Components
508;LL Touring Frame - Yellow, 54;Touring Frames;Components
509;LL Touring Frame - Yellow, 58;Touring Frames;Components
510;LL Touring Frame - Blue, 44;Touring Frames;Components
511;ML Mountain Frame-W - Silver, 40;Mountain Frames;Components
512;ML Mountain Frame-W - Silver, 42;Mountain Frames;Components
513;ML Mountain Frame-W - Silver, 46;Mountain Frames;Components
514;Rear Brakes;Brakes;Components
515;LL Mountain Seat/Saddle;Saddles;Components
516;ML Mountain Seat/Saddle;Saddles;Components
517;HL Mountain Seat/Saddle;Saddles;Components
518;LL Road Seat/Saddle;Saddles;Components
519;ML Road Seat/Saddle;Saddles;Components
520;HL Road Seat/Saddle;Saddles;Components
521;LL Touring Seat/Saddle;Saddles;Components
522;ML Touring Seat/Saddle;Saddles;Components
523;HL Touring Seat/Saddle;Saddles;Components
524;LL Mountain Frame - Silver, 42;Mountain Frames;Components
525;LL Mountain Frame - Silver, 44;Mountain Frames;Components
526;LL Mountain Frame - Silver, 48;Mountain Frames;Components
527;LL Mountain Frame - Silver, 52;Mountain Frames;Components
528;Mountain Tire Tube;Tires and Tubes;Accessories
529;Road Tire Tube;Tires and Tubes;Accessories
530;Touring Tire Tube;Tires and Tubes;Accessories
535;LL Mountain Tire;Tires and Tubes;Accessories
536;ML Mountain Tire;Tires and Tubes;Accessories
537;HL Mountain Tire;Tires and Tubes;Accessories
538;LL Road Tire;Tires and Tubes;Accessories
539;ML Road Tire;Tires and Tubes;Accessories
540;HL Road Tire;Tires and Tubes;Accessories
541;Touring Tire;Tires and Tubes;Accessories
542;LL Mountain Pedal;Pedals;Components
543;ML Mountain Pedal;Pedals;Components
544;HL Mountain Pedal;Pedals;Components
545;LL Road Pedal;Pedals;Components
546;ML Road Pedal;Pedals;Components
547;HL Road Pedal;Pedals;Components
548;Touring Pedal;Pedals;Components
549;ML Mountain Frame-W - Silver, 38;Mountain Frames;Components
551;LL Mountain Frame - Silver, 40;Mountain Frames;Components
552;Front Derailleur;Derailleurs;Components
553;LL Touring Handlebars;Handlebars;Components
554;HL Touring Handlebars;Handlebars;Components
555;Front Brakes;Brakes;Components
559;Chain;Chains;Components
560;Touring-2000 Blue, 60;Touring Bikes;Bikes
561;Touring-1000 Yellow, 46;Touring Bikes;Bikes
562;Touring-1000 Yellow, 50;Touring Bikes;Bikes
563;Touring-1000 Yellow, 54;Touring Bikes;Bikes
564;Touring-1000 Yellow, 60;Touring Bikes;Bikes
565;Touring-3000 Blue, 54;Touring Bikes;Bikes
566;Touring-3000 Blue, 58;Touring Bikes;Bikes
567;Touring-3000 Blue, 62;Touring Bikes;Bikes
568;Touring-3000 Yellow, 44;Touring Bikes;Bikes
569;Touring-3000 Yellow, 50;Touring Bikes;Bikes
570;Touring-3000 Yellow, 54;Touring Bikes;Bikes
571;Touring-3000 Yellow, 58;Touring Bikes;Bikes
572;Touring-3000 Yellow, 62;Touring Bikes;Bikes
573;Touring-1000 Blue, 46;Touring Bikes;Bikes
574;Touring-1000 Blue, 50;Touring Bikes;Bikes
575;Touring-1000 Blue, 54;Touring Bikes;Bikes
576;Touring-1000 Blue, 60;Touring Bikes;Bikes
577;Touring-2000 Blue, 46;Touring Bikes;Bikes
578;Touring-2000 Blue, 50;Touring Bikes;Bikes
579;Touring-2000 Blue, 54;Touring Bikes;Bikes
580;Road-350-W Yellow, 40;Road Bikes;Bikes
581;Road-350-W Yellow, 42;Road Bikes;Bikes
582;Road-350-W Yellow, 44;Road Bikes;Bikes
583;Road-350-W Yellow, 48;Road Bikes;Bikes
585;Touring-3000 Blue, 44;Touring Bikes;Bikes
586;Touring-3000 Blue, 50;Touring Bikes;Bikes
587;Mountain-400-W Silver, 38;Mountain Bikes;Bikes
588;Mountain-400-W Silver, 40;Mountain Bikes;Bikes
589;Mountain-400-W Silver, 42;Mountain Bikes;Bikes
590;Mountain-400-W Silver, 46;Mountain Bikes;Bikes
591;Mountain-500 Silver, 40;Mountain Bikes;Bikes
592;Mountain-500 Silver, 42;Mountain Bikes;Bikes
593;Mountain-500 Silver, 44;Mountain Bikes;Bikes
594;Mountain-500 Silver, 48;Mountain Bikes;Bikes
595;Mountain-500 Silver, 52;Mountain Bikes;Bikes
601;LL Bottom Bracket;Bottom Brackets;Components
602;ML Bottom Bracket;Bottom Brackets;Components
603;HL Bottom Bracket;Bottom Brackets;Components
